{
  "seeds": [
    4100,
    4101,
    4102,
    4103,
    4104,
    4105,
    4106,
    4107,
    4108,
    4109,
    4110,
    4111,
    4112,
    4113,
    4114,
    4115,
    4116,
    4117,
    4118,
    4119,
    4120,
    4121,
    4122,
    4123,
    4124,
    4125,
    4126,
    4127,
    4128,
    4129,
    4130,
    4131,
    4132,
    4133,
    4134,
    4135,
    4136,
    4137,
    4138,
    4139
  ],
  "duration_seconds": 10.0,
  "environment": {
    "episode_seconds": 10.0,
    "dt_min": 0.013333333333333334,
    "dt_max": 0.03333333333333333,
    "input_hold_min": 0.1,
    "input_hold_max": 0.8,
    "release_scenario_probability": 0.6,
    "release_perturb_min": 0.2,
    "release_perturb_max": 1.2,
    "release_recovery_min": 2.0,
    "release_recovery_max": 4.0,
    "domain_randomization": 0.2,
    "default_physics_probability": 0.35,
    "settle_tilt_degrees": 5.0,
    "settle_rate": 0.25,
    "settle_hold_seconds": 0.25,
    "alive_reward": 1.0,
    "crash_penalty": 8.0,
    "assist_magnitude_penalty": 0.01,
    "action_change_penalty": 0.01,
    "active_dangerous_tilt_degrees": 35.0,
    "active_tilt_penalty": 4.0,
    "active_rate_penalty": 0.12,
    "active_unnecessary_assist_penalty": 0.02,
    "release_level_penalty": 5.0,
    "release_rate_penalty": 0.35,
    "recovery_progress_reward": 2.0,
    "recovery_rate_progress_weight": 0.15,
    "settled_bonus": 0.35
  },
  "random_player": {
    "no_assist": {
      "episodes": 40,
      "mean_survival_time": 1.8368743732571602,
      "median_survival_time": 1.725273847579956,
      "crash_rate": 1.0,
      "rotor_strike_rate": 0.9,
      "mean_maximum_tilt_degrees": 125.39529390335083,
      "mean_pitch_roll_angular_rate": 1.8333446875214576,
      "mean_assist_magnitude": 0.0,
      "mean_residual_action_magnitude": 0.0,
      "intervention_gate_active_fraction": 0.9334687392259916,
      "near_zero_assistance_fraction": 1.0
    },
    "pd_only": {
      "episodes": 40,
      "mean_survival_time": 2.0506139606237412,
      "median_survival_time": 1.9035040140151978,
      "crash_rate": 1.0,
      "rotor_strike_rate": 0.9,
      "mean_maximum_tilt_degrees": 130.8000431060791,
      "mean_pitch_roll_angular_rate": 1.830169665813446,
      "mean_assist_magnitude": 0.029400051932316273,
      "mean_residual_action_magnitude": 0.0,
      "intervention_gate_active_fraction": 0.9498843403672339,
      "near_zero_assistance_fraction": 0.8023324231657277
    },
    "zero": {
      "episodes": 40,
      "mean_survival_time": 2.0506139606237412,
      "median_survival_time": 1.9035040140151978,
      "crash_rate": 1.0,
      "rotor_strike_rate": 0.9,
      "mean_maximum_tilt_degrees": 130.8000431060791,
      "mean_pitch_roll_angular_rate": 1.830169665813446,
      "mean_assist_magnitude": 0.029400051932316273,
      "mean_residual_action_magnitude": 0.0,
      "intervention_gate_active_fraction": 0.9498843403672339,
      "near_zero_assistance_fraction": 0.8023324231657277
    },
    "trained": {
      "episodes": 40,
      "mean_survival_time": 2.059748202562332,
      "median_survival_time": 1.8811734318733215,
      "crash_rate": 1.0,
      "rotor_strike_rate": 0.875,
      "mean_maximum_tilt_degrees": 130.56653995513915,
      "mean_pitch_roll_angular_rate": 1.778631104528904,
      "mean_assist_magnitude": 0.04450202399166301,
      "mean_residual_action_magnitude": 0.1254673371091485,
      "intervention_gate_active_fraction": 0.9503630458872767,
      "near_zero_assistance_fraction": 0.4635089182289981
    }
  },
  "release_recovery": {
    "settling_time_note": "Failures are capped at the fixed recovery window.",
    "recovery_window_seconds": 4.5,
    "no_assist": {
      "cases": 40,
      "recovery_success_rate": 0.0,
      "mean_settling_time_seconds": 4.5,
      "median_settling_time_seconds": 4.5,
      "p90_settling_time_seconds": 4.5,
      "mean_final_tilt_degrees": 100.73852183818818,
      "mean_final_level_error": 0.5220111357305713,
      "mean_final_pitch_roll_rate": 1.0589820994064212,
      "mean_maximum_post_release_tilt_degrees": 125.14470920562744,
      "mean_attitude_overshoot_degrees": 100.41328496932984,
      "crash_rate_before_settling": 1.0,
      "mean_assist_magnitude": 0.0,
      "mean_residual_action_magnitude": 0.0,
      "pd_saturated_case_fraction": 0.0,
      "pd_saturated_step_fraction": 0.0
    },
    "pd_only": {
      "cases": 40,
      "recovery_success_rate": 0.625,
      "mean_settling_time_seconds": 3.4824785951524975,
      "median_settling_time_seconds": 3.3799109756946564,
      "p90_settling_time_seconds": 4.5,
      "mean_final_tilt_degrees": 28.714418125152587,
      "mean_final_level_error": 0.1246554494596546,
      "mean_final_pitch_roll_rate": 0.375808218261227,
      "mean_maximum_post_release_tilt_degrees": 60.548538613319394,
      "mean_attitude_overshoot_degrees": 35.81827328205109,
      "crash_rate_before_settling": 0.375,
      "mean_assist_magnitude": 0.09188781892760059,
      "mean_residual_action_magnitude": 0.0,
      "pd_saturated_case_fraction": 0.775,
      "pd_saturated_step_fraction": 0.31729173556576123
    },
    "zero": {
      "cases": 40,
      "recovery_success_rate": 0.625,
      "mean_settling_time_seconds": 3.4824785951524975,
      "median_settling_time_seconds": 3.3799109756946564,
      "p90_settling_time_seconds": 4.5,
      "mean_final_tilt_degrees": 28.714418125152587,
      "mean_final_level_error": 0.1246554494596546,
      "mean_final_pitch_roll_rate": 0.375808218261227,
      "mean_maximum_post_release_tilt_degrees": 60.548538613319394,
      "mean_attitude_overshoot_degrees": 35.81827328205109,
      "crash_rate_before_settling": 0.375,
      "mean_assist_magnitude": 0.09188781892760059,
      "mean_residual_action_magnitude": 0.0,
      "pd_saturated_case_fraction": 0.775,
      "pd_saturated_step_fraction": 0.31729173556576123
    },
    "trained": {
      "cases": 40,
      "recovery_success_rate": 0.625,
      "mean_settling_time_seconds": 3.466801679506898,
      "median_settling_time_seconds": 3.363519102334976,
      "p90_settling_time_seconds": 4.5,
      "mean_final_tilt_degrees": 27.161039352416992,
      "mean_final_level_error": 0.1269704605246358,
      "mean_final_pitch_roll_rate": 0.3707798635587096,
      "mean_maximum_post_release_tilt_degrees": 59.50372874736786,
      "mean_attitude_overshoot_degrees": 34.926914644241336,
      "crash_rate_before_settling": 0.375,
      "mean_assist_magnitude": 0.09200353888189328,
      "mean_residual_action_magnitude": 0.07450815889432429,
      "pd_saturated_case_fraction": 0.775,
      "pd_saturated_step_fraction": 0.314254097918938
    },
    "trained_residual_improvement_over_pd_only": {
      "recovery_success_percentage_points": 0.0,
      "median_settling_time_reduction_seconds": 0.016391873359680176,
      "final_tilt_reduction_degrees": 1.553378772735595,
      "final_rate_reduction": 0.00502835470251739
    }
  },
  "no_input_sink": {
    "cases": 8,
    "recovery_success_rate": 1.0,
    "mean_time_to_recover_seconds": 3.172914355993271,
    "mean_vertical_velocity_after_settling_mps": -0.593338102989881,
    "mean_vertical_sink_rate_mps": 0.593338102989881,
    "mean_tilt_after_settling_degrees": 3.757613803893883,
    "mean_pitch_roll_rate_after_settling": 0.08882432974153373,
    "altitude_increasing_fraction": 0.0,
    "crash_rate": 0.0,
    "pass": true
  },
  "player_agency": {
    "pass": true,
    "active_manoeuvre_pass": true,
    "release_recovery_pass": true,
    "aggressive_crash_pass": true,
    "criterion": "active tilt >=12 deg, horizontal movement >=max(0.10 m, 20% of no-assist), settles after release, and sustained single-motor input can crash",
    "no_assist": {
      "maximum_active_tilt_degrees": 24.612987518310547,
      "active_horizontal_displacement_m": 0.12585270404815674,
      "settled_after_release": false,
      "final_tilt_degrees": 53.92789840698242,
      "crashed": true
    },