{
  "seeds": [
    4100,
    4101,
    4102,
    4103,
    4104,
    4105,
    4106,
    4107,
    4108,
    4109,
    4110,
    4111,
    4112,
    4113,
    4114,
    4115,
    4116,
    4117,
    4118,
    4119,
    4120,
    4121,
    4122,
    4123,
    4124,
    4125,
    4126,
    4127,
    4128,
    4129,
    4130,
    4131,
    4132,
    4133,
    4134,
    4135,
    4136,
    4137,
    4138,
    4139
  ],
  "duration_seconds": 10.0,
  "environment": {
    "episode_seconds": 10.0,
    "dt_min": 0.013333333333333334,
    "dt_max": 0.022222222222222223,
    "input_hold_min": 0.1,
    "input_hold_max": 0.8,
    "domain_randomization": 0.2,
    "default_physics_probability": 0.35,
    "alive_reward": 1.0,
    "crash_penalty": 8.0,
    "dangerous_tilt_degrees": 35.0,
    "tilt_penalty": 4.0,
    "pitch_roll_rate_penalty": 0.15,
    "assist_magnitude_penalty": 0.01,
    "assist_change_penalty": 0.012,
    "unnecessary_intervention_penalty": 0.02
  },
  "no_assist": {
    "episodes": 40,
    "mean_survival_time": 2.0098930284380914,
    "median_survival_time": 1.8289669752120972,
    "crash_rate": 1.0,
    "rotor_strike_rate": 0.85,
    "mean_maximum_tilt_degrees": 127.02661428451538,
    "mean_pitch_roll_angular_rate": 1.875146421045065,
    "mean_assist_magnitude": 0.0,
    "intervention_gate_active_fraction": 0.8582224060715685,
    "near_zero_assistance_fraction": 1.0
  },
  "zero": {
    "episodes": 40,
    "mean_survival_time": 2.1393295019865035,
    "median_survival_time": 1.961817979812622,
    "crash_rate": 1.0,
    "rotor_strike_rate": 0.85,
    "mean_maximum_tilt_degrees": 134.02591800689697,
    "mean_pitch_roll_angular_rate": 1.903742641210556,
    "mean_assist_magnitude": 0.0,
    "intervention_gate_active_fraction": 0.8776144583900297,
    "near_zero_assistance_fraction": 1.0
  },
  "trained": {
    "episodes": 40,
    "mean_survival_time": 2.213217520713806,
    "median_survival_time": 2.0201815366744995,
    "crash_rate": 1.0,
    "rotor_strike_rate": 0.825,
    "mean_maximum_tilt_degrees": 127.56188802719116,
    "mean_pitch_roll_angular_rate": 1.728286336362362,
    "mean_assist_magnitude": 0.06017435259418562,
    "intervention_gate_active_fraction": 0.883305076472821,
    "near_zero_assistance_fraction": 0.5717600723593235
  },
  "no_input_sink": {
    "mean_vertical_sink_rate_mps": 0.46830376664797463,
    "final_vertical_velocity_mps": -0.4792105555534363,
    "altitude_loss_m": 1.9404096603393555
  },
  "player_agency": {
    "pass": true,
    "criterion": "Easy Mode reaches >=12 degrees tilt and >=max(0.2 m, 25% of no-assist displacement)",
    "no_assist": {
      "forward_displacement_m": 10.451162338256836,
      "horizontal_displacement_m": 10.451162338256836,
      "maximum_tilt_degrees": 179.34507751464844,
      "survival_time": 2.2333319187164307
    },
    "trained": {
      "forward_displacement_m": 18.902482986450195,
      "horizontal_displacement_m": 18.903307157111552,
      "maximum_tilt_degrees": 179.4328155517578,
      "survival_time": 2.4166650772094727
    }
  }
}
